1.000000000000000000e+01,4.038967834699999885e-28,-3.098325842699999910e+01
1.000000000000000000e+01,-4.698325842700000199e-01,-2.996100002200000034e+01
9.995301674200000264e+00,-9.275632541499999606e-01,-2.895051593199999829e+01
9.986026041600000624e+00,-1.373282987200000083e+00,-2.795198316600000155e+01
9.972293211700000271e+00,-1.807086103600000104e+00,-2.696556864000000076e+01
9.954222350700000277e+00,-2.229070136999999896e+00,-2.599142935800000132e+01
9.931931649299999165e+00,-2.639335707599999914e+00,-2.502971258199999838e+01
9.905538292299999270e+00,-3.037986397000000061e+00,-2.408055601899999942e+01
9.875158428300000679e+00,-3.425128624300000091e+00,-2.314408798899999908e+01
9.840907142000000718e+00,-3.800871524500000209e+00,-2.222042760600000122e+01
9.802898426800000564e+00,-4.165326828799999603e+00,-2.130968495600000168e+01
9.761245158499999519e+00,-4.518608745899999946e+00,-2.041196126799999888e+01
9.716059071100000111e+00,-4.860833846100000244e+00,-1.952734909999999857e+01
9.667450732600000762e+00,-5.192120946800000247e+00,-1.865593250399999903e+01
9.615529523099999309e+00,-5.512590999799999558e+00,-1.779778721099999927e+01
9.560403613100000086e+00,-5.822366980299999994e+00,-1.695298079799999869e+01
9.502179943299999820e+00,-6.121573778200000149e+00,-1.612157286800000122e+01
9.440964205500000261e+00,-6.410338090799999833e+00,-1.530361522199999946e+01
9.376860824599999589e+00,-6.688788318000000288e+00,-1.449915203099999950e+01
9.309972941499999877e+00,-6.957054458200000013e+00,-1.370822000899999971e+01
9.240402396900000426e+00,-7.215268007499999747e+00,-1.293084858299999951e+01
9.168249716800000115e+00,-7.463561859700000412e+00,-1.216706006699999953e+01
9.093614098199999773e+00,-7.702070208400000340e+00,-1.141686982799999939e+01
9.016593396099999325e+00,-7.930928451399999801e+00,-1.068028645400000087e+01
8.937284111600000358e+00,-8.150273096499999426e+00,-9.957311925000000841e+00
8.855781380599999864e+00,-8.360241669100000550e+00,-9.247941776099999345e+00
8.772178963900000070e+00,-8.560972622299999557e+00,-8.552165263599999179e+00
8.686569237700000556e+00,-8.752605247900000052e+00,-7.869965528799999888e+00
8.599043185199999328e+00,-8.935279590000000383e+00,-7.201319760499999667e+00
8.509690389299999325e+00,-9.109136360200000837e+00,-6.546199356199999819e+00
8.418599025700000738e+00,-9.274316854500000318e+00,-5.904570082100000228e+00
8.325855857200000543e+00,-9.430962872300000299e+00,-5.276392231600000038e+00
8.231546228499999174e+00,-9.579216636900000026e+00,-4.661620782199999979e+00
8.135754062100000183e+00,-9.719220717800000742e+00,-4.060205551200000151e+00
8.038561854899999304e+00,-9.851117955399999460e+00,-3.472091349799999893e+00
7.940050675400000202e+00,-9.975051386800000586e+00,-2.897218135300000164e+00
7.840300161500000087e+00,-1.009116417299999924e+01,-2.335521162700000097e+00
7.739388519800000310e+00,-1.019959953100000050e+01,-1.786931133399999982e+00
7.637392524500000057e+00,-1.030050066000000086e+01,-1.251374343199999961e+00
7.534387517899999942e+00,-1.039401068199999933e+01,-7.287728283800000151e-01
7.430447411000000280e+00,-1.048027256700000009e+01,-2.190445098500000132e-01
7.325644685400000355e+00,-1.055942908099999933e+01,2.778966640200000171e-01
7.220050394600000310e+00,-1.063162271300000050e+01,7.621405766300000106e-01
7.113734167399999642e+00,-1.069699562299999940e+01,1.233780804000000009e+00
7.006764211200000148e+00,-1.075568957900000022e+01,1.692914477299999998e+00
6.899207315399999985e+00,-1.080784590300000048e+01,2.139642147600000044e+00
6.791128856400000302e+00,-1.085360541500000053e+01,2.574067651900000087e+00
6.682592802200000293e+00,-1.089310837899999918e+01,2.996297981300000135e+00
6.573661718500000362e+00,-1.092649444999999986e+01,3.406443150899999939e+00
6.464396773999999901e+00,-1.095390262799999981e+01,3.804616071899999952e+00
6.354857747699999670e+00,-1.097547120499999984e+01,4.190932425099999747e+00
6.245103035599999686e+00,-1.099133772000000064e+01,4.565510536399999708e+00
6.135189658399999857e+00,-1.100163891300000074e+01,4.928471254699999804e+00
6.025173269299999745e+00,-1.100651067899999980e+01,5.279937830999999804e+00
5.915108162500000155e+00,-1.100608803000000080e+01,5.620035799700000112e+00
5.805047282200000325e+00,-1.100050505099999931e+01,5.948892862200000131e+00
5.695042231699999569e+00,-1.098989485799999954e+01,6.266638771900000293e+00
5.585143283099999856e+00,-1.097438956699999935e+01,6.573405221299999823e+00
5.475399387400000428e+00,-1.095412024900000070e+01,6.869325731099999999e+00
5.365858184900000438e+00,-1.092921690100000021e+01,7.154535541499999596e+00
5.256566015899999833e+00,-1.089980840900000025e+01,7.429171504700000206e+00
5.147567931900000282e+00,-1.086602251599999924e+01,7.693371980400000254e+00
5.038907706699999878e+00,-1.082798579299999986e+01,7.947276732099999741e+00
4.930627848800000379e+00,-1.078582360599999923e+01,8.191026826299999897e+00
4.822769612700000152e+00,-1.073966008899999913e+01,8.424764533399999422e+00
4.715373011799999681e+00,-1.068961811700000020e+01,8.648633229899999719e+00
4.608476830599999907e+00,-1.063581928099999985e+01,8.862777303499999704e+00
4.502118637799999767e+00,-1.057838386000000064e+01,9.067342059499999607e+00
4.396334799199999921e+00,-1.051743080199999980e+01,9.262473629500000527e+00
4.291160491200000315e+00,-1.045307769899999961e+01,9.448318881600000552e+00
4.186629714200000407e+00,-1.038544076700000041e+01,9.625025332899999952e+00
4.082775306500000312e+00,-1.031463482700000078e+01,9.792741063899999432e+00
3.979628958300000185e+00,-1.024077328099999917e+01,9.951614634500000278e+00
3.877221225500000035e+00,-1.016396810500000036e+01,1.010179500199999936e+01
3.775581544400000045e+00,-1.008432982200000083e+01,1.024343144200000033e+01
3.674738246200000003e+00,-1.000196749400000051e+01,1.037667346699999982e+01
3.574718571200000028e+00,-9.916988700799999279e+00,1.050167075599999933e+01
3.475548684200000071e+00,-9.829499535600000115e+00,1.061857307500000047e+01
3.377253688900000217e+00,-9.739604585600000419e+00,1.072753020500000076e+01
3.279857643000000156e+00,-9.647406924300000242e+00,1.082869187300000036e+01
3.183383573800000033e+00,-9.553008100099999567e+00,1.092220768299999989e+01
3.087853492799999877e+00,-9.456508128099999411e+00,1.100822704700000010e+01
2.993288411500000024e+00,-9.358005480999999293e+00,1.108689912100000008e+01
2.899708356700000156e+00,-9.257597082400000232e+00,1.115837274199999918e+01
2.807132385900000138e+00,-9.155378300400000668e+00,1.122279636400000058e+01
2.715578602899999971e+00,-9.051442941699999523e+00,1.128031799899999932e+01
2.625064173400000200e+00,-8.945883247599999422e+00,1.133108516100000074e+01
2.535605341000000124e+00,-8.838789889799999244e+00,1.137524480599999954e+01
2.447217442099999918e+00,-8.730251967599999219e+00,1.141294327600000003e+01
2.359914922399999782e+00,-8.620357006100000774e+00,1.144432625099999967e+01
2.273711352299999877e+00,-8.509190954299999277e+00,1.146953869200000042e+01
2.188619442799999870e+00,-8.396838185200000026e+00,1.148872479699999971e+01
2.104651060900000203e+00,-8.283381495600000477e+00,1.150202794299999987e+01
2.021817245999999901e+00,-8.168902107099999199e+00,1.150959065199999998e+01
1.940128224900000031e+00,-8.053479668099999600e+00,1.151155453199999990e+01
1.859593428199999954e+00,-7.937192255700000310e+00,1.150806024699999952e+01
1.780221505699999929e+00,-7.820116379099999904e+00,1.149924746399999975e+01
1.702020341899999956e+00,-7.702326982999999849e+00,1.148525481799999959e+01
1.624997072099999995e+00,-7.583897452399999572e+00,1.146621987300000001e+01
1.549158097500000109e+00,-7.464899617000000376e+00,1.144227908100000057e+01
1.474509101400000022e+00,-7.345403757299999725e+00,1.141356775100000043e+01
1.401055063799999889e+00,-7.225478610299999715e+00,1.138022001000000039e+01
1.328800277700000088e+00,-7.105191376799999681e+00,1.134236877100000029e+01
1.257748363899999999e+00,-6.984607728000000293e+00,1.130014570400000018e+01
1.187902286599999968e+00,-6.863791813899999816e+00,1.125368120099999913e+01
1.119264368500000106e+00,-6.742806271200000090e+00,1.120310435100000035e+01
1.051836305799999982e+00,-6.621712232500000184e+00,1.114854290999999975e+01
9.856191834599999924e-01,-6.500569335399999815e+00,1.109012327499999984e+01
9.206134901100000434e-01,-6.379435732200000153e+00,1.102797046000000059e+01
8.568191327899999932e-01,-6.258368100600000261e+00,1.096220807099999917e+01
7.942354517799999902e-01,-6.137421653599999694e+00,1.089295828600000071e+01
7.328612352400000196e-01,-6.016650151300000360e+00,1.082034182900000019e+01
6.726947337299999941e-01,-5.896105912200000354e+00,1.074447795500000069e+01
6.137336746099999463e-01,-5.775839824700000236e+00,1.066548442799999918e+01
5.559752763599999925e-01,-5.655901359899999647e+00,1.058347750499999940e+01
4.994162627600000071e-01,-5.536338583900000110e+00,1.049857191799999967e+01
4.440528769200000059e-01,-5.417198170599999862e+00,1.041088086100000076e+01
3.898808952200000233e-01,-5.298525415300000319e+00,1.032051597299999912e+01
3.368956410699999737e-01,-5.180364248200000077e+00,1.022758732600000009e+01
2.850919985800000056e-01,-5.062757248199999616e+00,1.013220341399999924e+01
2.344644261000000118e-01,-4.945745657099999804e+00,1.003447114000000084e+01
1.850069695300000094e-01,-4.829369393900000418e+00,9.934495807299999370e+00
1.367132755899999885e-01,-4.713667069699999601e+00,9.832381111000000118e+00
8.957660489400000314e-02,-4.598676002800000440e+00,9.728229128000000614e+00
4.358984486700000216e-02,-4.484432233099999721e+00,9.622140311400000812e+00
-1.254477464599999901e-03,-4.370970538599999955e+00,9.514213483900000767e+00
-4.496418285099999801e-02,-4.258324449999999928e+00,9.404545833000000243e+00
-8.754742735100000395e-02,-4.146526266899999591e+00,9.293232906100000079e+00
-1.290126900199999871e-01,-4.035607073999999628e+00,9.180368607700000183e+00
-1.693687607599999867e-01,-3.925596756600000070e+00,9.066045196199999268e+00
-2.086247283300000088e-01,-3.816524017399999913e+00,8.950353282700000079e+00
-2.467899685000000121e-01,-3.708416392799999795e+00,8.833381829900000426e+00
-2.838741324299999813e-01,-3.601300269499999818e+00,8.715218151800000257e+00
-3.198871351199999991e-01,-3.495200900800000010e+00,8.595947914799999978e+00
-3.548391441300000060e-01,-3.390142423799999971e+00,8.475655138700000535e+00
-3.887405683699999837e-01,-3.286147876499999843e+00,8.354422198900000041e+00
-4.216020471299999905e-01,-3.183239213899999864e+00,8.232329829599999371e+00
-4.534344392699999893e-01,-3.081437326000000088e+00,8.109457127100000662e+00
-4.842488125300000168e-01,-2.980762054399999972e+00,7.985881554199999677e+00
-5.140564330700000406e-01,-2.881232209599999816e+00,7.861678944900000410e+00
-5.428687551699999947e-01,-2.782865588399999979e+00,7.736923510299999585e+00
-5.706974110500000474e-01,-2.685678990800000054e+00,7.611687844399999570e+00
-5.975542009600000037e-01,-2.589688237899999912e+00,7.486042931100000075e+00
-6.234510833399999896e-01,-2.494908188400000171e+00,7.360058151599999654e+00
-6.484001652299999918e-01,-2.401352756800000154e+00,7.233801292199999899e+00
-6.724136927899999616e-01,-2.309034930200000169e+00,7.107338552999999948e+00
-6.955040421000000528e-01,-2.217966785899999849e+00,6.980734556399999846e+00
-7.176837099499999706e-01,-2.128159508500000019e+00,6.854052357399999629e+00
-7.389653050400000200e-01,-2.039623407500000152e+00,6.727353452900000086e+00
-7.593615391100000389e-01,-1.952367934500000013e+00,6.600697792700000122e+00
-7.788852184600000284e-01,-1.866401700199999958e+00,6.474143790100000295e+00
-7.975492354600000056e-01,-1.781732491999999946e+00,6.347748333600000237e+00
-8.153665603799999939e-01,-1.698367290900000048e+00,6.221566798699999623e+00
-8.323502332900000189e-01,-1.616312288800000108e+00,6.095653059800000051e+00
-8.485133561800000113e-01,-1.535572905300000013e+00,5.970059503199999895e+00
-8.638690852299999445e-01,-1.456153805000000023e+00,5.844837040199999834e+00
-8.784306232799999892e-01,-1.378058913999999913e+00,5.720035119900000353e+00
-8.922112124200000105e-01,-1.301291437099999948e+00,5.595701743800000294e+00
-9.052241267899999722e-01,-1.225853874600000060e+00,5.471883479099999725e+00
-9.174826655400000197e-01,-1.151748038200000046e+00,5.348625473500000282e+00
-9.290001459200000200e-01,-1.078975068699999929e+00,5.225971469700000149e+00
-9.397898966100000084e-01,-1.007535451399999893e+00,5.103963820499999748e+00
-9.498652511199999759e-01,-9.374290330400000260e-01,4.982643504000000334e+00
-9.592395414500000106e-01,-8.686550378499999781e-01,4.862050139099999946e+00
-9.679260918300000016e-01,-8.012120836399999613e-01,4.742222001200000037e+00
-9.759382126600000262e-01,-7.350981978299999664e-01,4.623196038499999716e+00
-9.832891946399999750e-01,-6.703108332499999600e-01,4.505007887599999705e+00
-9.899923029799999608e-01,-6.068468839199999687e-01,4.387691890700000208e+00
-9.960607718099999675e-01,-5.447027006300000362e-01,4.271281111300000433e+00
-1.001507798800000071e+00,-4.838741063700000011e-01,4.155807352000000066e+00
-1.006346539900000003e+00,-4.243564116399999864e-01,4.041301170499999706e+00
-1.010590104000000045e+00,-3.661444296499999917e-01,3.927791897400000121e+00
-1.014251548300000083e+00,-3.092324913000000230e-01,3.815307653100000085e+00
-1.017343873199999971e+00,-2.536144600299999885e-01,3.703875365400000064e+00
-1.019880017800000038e+00,-1.992837465600000024e-01,3.593520786900000097e+00
-1.021872855300000049e+00,-1.462333234200000054e-01,3.484268512399999906e+00
-1.023335188499999937e+00,-9.445573932100000125e-02,3.376141997099999958e+00
-1.024279745899999927e+00,-4.394313337700000294e-02,3.269163573999999794e+00
-1.024719177199999942e+00,5.312750830400000263e-03,3.163354471999999973e+00
-1.024666049699999970e+00,5.332055138300000052e-02,3.058734833900000005e+00
-1.024132844199999948e+00,1.000892743100000037e-01,2.955323733899999805e+00
-1.023131951499999914e+00,1.456282800600000038e-01,2.853139196399999911e+00
-1.021675668699999928e+00,1.899472701300000121e-01,2.752198213699999840e+00
-1.019776196000000024e+00,2.330562738799999978e-01,2.652516763800000010e+00
-1.017445633199999921e+00,2.749656355599999769e-01,2.554109829300000190e+00
-1.014695976899999907e+00,3.156860014399999748e-01,2.456991414800000051e+00
-1.011539116900000090e+00,3.552283072199999836e-01,2.361174565499999822e+00
-1.007986833799999982e+00,3.936037655099999810e-01,2.266671385200000000e+00
-1.004050796100000031e+00,4.308238536399999763e-01,2.173493054400000180e+00
-9.997425575999999703e-01,4.669003015100000042e-01,2.081649848400000113e+00
-9.950735545800000192e-01,5.018450797100000305e-01,1.991151155300000086e+00
-9.900551037899999463e-01,5.356703878199999824e-01,1.902005494099999972e+00
-9.846983999099999663e-01,5.683886428700000160e-01,1.814220532900000071e+00
-9.790145134800000148e-01,6.000124680199999672e-01,1.727803106399999900e+00
-9.730143888000000185e-01,6.305546814300000413e-01,1.642759233899999893e+00
-9.667088419799999555e-01,6.600282852700000147e-01,1.559094137300000016e+00
-9.601085591300000388e-01,6.884464549700000102e-01,1.476812258400000077e+00
-9.532240945800000143e-01,7.158225286799999587e-01,1.395917277099999909e+00
-9.460658692900000277e-01,7.421699968499999578e-01,1.316412128599999898e+00
-9.386441693300000555e-01,7.675024920599999856e-01,1.238299020499999958e+00
-9.309691444100000046e-01,7.918337789999999599e-01,1.161579451099999938e+00
-9.230508066200000528e-01,8.151777447100000407e-01,1.086254225700000076e+00
-9.148990291699999888e-01,8.375483888900000506e-01,1.012323474200000017e+00
-9.065235452800000093e-01,8.589598145500000337e-01,9.397866681400000033e-01
-8.979339471299999653e-01,8.794262186900000389e-01,8.686426374500000325e-01
-8.891396849499999533e-01,8.989618833500000461e-01,7.988895872600000336e-01
-8.801500661100000178e-01,9.175811666500000019e-01,7.305251145900000243e-01
-8.709742544499999850e-01,9.352984941799999952e-01,6.635462248000000285e-01
-8.616212695099999541e-01,9.521283505300000005e-01,5.979493480099999925e-01
-8.520999860000000314e-01,9.680852709199999628e-01,5.337303552800000128e-01
-8.424191332899999551e-01,9.831838331600000203e-01,4.708845747400000059e-01
-8.325872949599999462e-01,9.974386497099999582e-01,4.094068074500000209e-01
-8.226129084600000141e-01,1.010864359900000009e+00,3.492913432299999954e-01
-8.125042648600000472e-01,1.023475622399999896e+00,2.905319762099999870e-01
-8.022695086400000175e-01,1.035287107899999892e+00,2.331220203599999874e-01
-7.919166375599999697e-01,1.046313491899999892e+00,1.770543246999999876e-01
-7.814535026400000195e-01,1.056569447300000020e+00,1.223212884499999958e-01
-7.708878081700000218e-01,1.066069638499999916e+00,6.891487598100000389e-02
-7.602271117800000200e-01,1.074828713600000096e+00,1.682663158099999973e-02
-7.494788246500000417e-01,1.082861298899999936e+00,-3.395230596099999693e-02
-7.386502116600000001e-01,1.090181991799999972e+00,-8.343118892299999922e-02
-7.277483917399999447e-01,1.096805355299999896e+00,-1.316196464200000138e-01
-7.167803381899999771e-01,1.102745911700000025e+00,-1.785276703399999998e-01
-7.057528790699999499e-01,1.108018136799999942e+00,-2.241656015100000066e-01
-6.946726976999999525e-01,1.112636454300000022e+00,-2.685441159599999961e-01
-6.835463331600000192e-01,1.116615230499999889e+00,-3.116742114700000177e-01
-6.723801808599999541e-01,1.119968768799999959e+00,-3.535671942499999942e-01
-6.611804931700000498e-01,1.122711304599999904e+00,-3.942346658399999981e-01
-6.499533801200000349e-01,1.124857000600000045e+00,-4.336885101899999873e-01
-6.387048101200000216e-01,1.126419941600000030e+00,-4.719408809100000268e-01
-6.274406107000000121e-01,1.127414130000000014e+00,-5.090041887799999776e-01
-6.161664693999999720e-01,1.127853481400000080e+00,-5.448910893899999719e-01
-6.048879345900000093e-01,1.127751820100000080e+00,-5.796144709899999636e-01
-5.936104163800000055e-01,1.127122874999999969e+00,-6.131874425900000203e-01
-5.823391876300000325e-01,1.125980275799999930e+00,-6.456233221999999605e-01
-5.710793848799999850e-01,1.124337548399999998e+00,-6.769356252699999521e-01
-5.598360093900000001e-01,1.122208112100000044e+00,-7.071380533800000201e-01
-5.486139282699999953e-01,1.119605275300000091e+00,-7.362444830600000101e-01
-5.374178755199999769e-01,1.116542232200000040e+00,-7.642689548900000185e-01
-5.262524532000000255e-01,1.113032059800000084e+00,-7.912256627000000542e-01
-5.151221325999999490e-01,1.109087714199999963e+00,-8.171289430799999476e-01
-5.040312554600000494e-01,1.104722028000000078e+00,-8.419932649900000454e-01
-4.929840351800000020e-01,1.099947707299999911e+00,-8.658332196500000411e-01
-4.819845581000000156e-01,1.094777328800000005e+00,-8.886635105700000370e-01
-4.710367848099999977e-01,1.089223337399999991e+00,-9.104989437999999602e-01
-4.601445514399999936e-01,1.083298043100000108e+00,-9.313544184199999965e-01
-4.493115710100000215e-01,1.077013619599999972e+00,-9.512449171200000331e-01
-4.385414348100000193e-01,1.070382101100000094e+00,-9.701854971000000161e-01
-4.278376138000000162e-01,1.063415380699999968e+00,-9.881912810999999852e-01
-4.172034600000000260e-01,1.056125208100000101e+00,-1.005277448600000012e+00
-4.066422079199999984e-01,1.048523188199999900e+00,-1.021459227400000058e+00
-3.961569760299999965e-01,1.040620778499999899e+00,-1.036751884899999920e+00
-3.857507682499999868e-01,1.032429288099999898e+00,-1.051170720500000044e+00
-3.754264753700000123e-01,1.023959876099999944e+00,-1.064731056799999909e+00
-3.651868766099999886e-01,1.015223549599999942e+00,-1.077448232699999897e+00
-3.550346411099999933e-01,1.006231163100000048e+00,-1.089337595199999953e+00
-3.449723294800000062e-01,9.969934167699999739e-01,-1.100414491900000069e+00
-3.350023953099999785e-01,9.875208554500000124e-01,-1.110694264499999973e+00
-3.251271867600000198e-01,9.778238677099999610e-01,-1.120192240800000016e+00
-3.153489480800000244e-01,9.679126848200000355e-01,-1.128923728600000009e+00
-3.056698212300000272e-01,9.577973799600000282e-01,-1.136904008499999952e+00
-2.960918474299999992e-01,9.474878675000000250e-01,-1.144148327699999967e+00
-2.866169687599999794e-01,9.369939023100000153e-01,-1.150671893700000004e+00
-2.772470297299999831e-01,9.263250792599999617e-01,-1.156489867999999976e+00
-2.679837789399999726e-01,9.154908327399999823e-01,-1.161617360199999949e+00
-2.588288706099999836e-01,9.045004362699999856e-01,-1.166069422200000094e+00
-2.497838662499999862e-01,8.933630022299999807e-01,-1.169861042600000012e+00
-2.408502362299999866e-01,8.820874816599999502e-01,-1.173007141200000047e+00
-2.320293614099999957e-01,8.706826640999999478e-01,-1.175522564100000000e+00
-2.233225347699999974e-01,8.591571775799999866e-01,-1.177422077899999975e+00
-2.147309629999999969e-01,8.475194886500000413e-01,-1.178720365300000017e+00
-2.062557681099999873e-01,8.357779024500000542e-01,-1.179432020299999939e+00
-1.978979890800000030e-01,8.239405629299999534e-01,-1.179571543200000017e+00
-1.896585834500000012e-01,8.120154530700000040e-01,-1.179153336800000007e+00
-1.815384289199999945e-01,8.000103952299999488e-01,-1.178191701300000060e+00
-1.735383249699999908e-01,7.879330515000000368e-01,-1.176700830899999994e+00
-1.656589944599999864e-01,7.757909241799999522e-01,-1.174694809400000040e+00
-1.579010852199999870e-01,7.635913562999999682e-01,-1.172187606400000082e+00
-1.502651716500000012e-01,7.513415321699999927e-01,-1.169193073900000046e+00
-1.427517563300000070e-01,7.390484780499999573e-01,-1.165724942400000019e+00
-1.353612715499999952e-01,7.267190628199999836e-01,-1.161796817799999992e+00
-1.280940809199999919e-01,7.143599987300000009e-01,-1.157422178000000024e+00
-1.209504809300000067e-01,7.019778422500000392e-01,-1.152614369899999991e+00
-1.139307025099999954e-01,6.895789948799999625e-01,-1.147386606199999992e+00
-1.070349125600000006e-01,6.771697040799999900e-01,-1.141751963199999942e+00
-1.002632155200000041e-01,6.647560642299999989e-01,-1.135723377199999939e+00
-9.361565487999999602e-02,6.523440176500000520e-01,-1.129313642899999914e+00
-8.709221470399999832e-02,6.399393556300000396e-01,-1.122535410200000028e+00
-8.069282114699999342e-02,6.275477195399999930e-01,-1.115401182400000080e+00
-7.441734395200000352e-02,6.151746019799999576e-01,-1.107923313799999976e+00
-6.826559793200000226e-02,6.028253479299999773e-01,-1.100114007800000016e+00
-6.223734445299999862e-02,5.905051560299999780e-01,-1.091985314800000051e+00
-5.633229289200000073e-02,5.782190797699999774e-01,-1.083549130800000038e+00
-5.055010209500000046e-02,5.659720288299999735e-01,-1.074817195100000067e+00
-4.489038180600000288e-02,5.537687704000000544e-01,-1.065801089300000060e+00
-3.935269410199999929e-02,5.416139305299999540e-01,-1.056512235600000071e+00
-3.393655479700000144e-02,5.295119955599999484e-01,-1.046961895399999953e+00
-2.864143484200000131e-02,5.174673134999999702e-01,-1.037161168299999936e+00
-2.346676170699999939e-02,5.054840955199999541e-01,-1.027120990900000086e+00
-1.841192075100000006e-02,4.935664174100000134e-01,-1.016852135499999976e+00
-1.347625657700000056e-02,4.817182211200000119e-01,-1.006365209699999985e+00
-8.659074366100000253e-03,4.699433162500000205e-01,-9.956706550999999683e-01
-3.959641203600000429e-03,4.582453816200000030e-01,-9.847787469100000024e-01
6.228126125500000210e-04,4.466279668800000047e-01,-9.736995932099999917e-01
5.089092281399999577e-03,4.350944940800000049e-01,-9.624431344199999572e-01
9.440037222199999800e-03,4.236482592799999947e-01,-9.510191429100000038e-01
1.367651981499999961e-02,4.122924342200000036e-01,-9.394372226199999565e-01
1.779944415700000088e-02,4.010300679400000123e-01,-9.277068088300000070e-01
2.180974483699999952e-02,3.898640884799999817e-01,-9.158371680000000348e-01
2.570838572099999955e-02,3.787973045199999889e-01,-9.038373976500000406e-01
2.949635876699999854e-02,3.678324071599999856e-01,-8.917164264000000395e-01
3.317468283799999973e-02,3.569719715299999874e-01,-8.794830140199999535e-01
3.674440255400000105e-02,3.462184585699999984e-01,-8.671457515699999563e-01
4.020658713900000097e-02,3.355742167799999898e-01,-8.547130616900000533e-01
4.356232930699999867e-02,3.250414838999999834e-01,-8.421931988299999894e-01
4.681274414600000017e-02,3.146223887099999783e-01,-8.295942496699999502e-01
4.995896803299999800e-02,3.043189527499999825e-01,-8.169241335600000431e-01
5.300215756099999759e-02,2.941330921199999948e-01,-8.041906029900000030e-01
5.594348848200000196e-02,2.840666191999999812e-01,-7.914012442400000236e-01
5.878415467399999983e-02,2.741212444600000242e-01,-7.785634779400000260e-01
6.152536711900000177e-02,2.642985782300000253e-01,-7.656845598399999453e-01
6.416835290099999478e-02,2.546001324500000162e-01,-7.527715815200000105e-01
6.671435422499999435e-02,2.450273224600000022e-01,-7.398314712300000373e-01
6.916462745000000190e-02,2.355814687899999982e-01,-7.268709947799999460e-01
7.152044213800000383e-02,2.262637989200000088e-01,-7.138967564499999474e-01
7.378308012699999474e-02,2.170754490900000111e-01,-7.009151999699999580e-01
7.595383461799999625e-02,2.080174660100000128e-01,-6.879326095500000182e-01
7.803400927799999942e-02,1.990908087000000104e-01,-6.749551109900000512e-01
8.002491736500000341e-02,1.902963501999999918e-01,-6.619886727799999537e-01
8.192788086699999417e-02,1.816348794000000044e-01,-6.490391072700000263e-01
8.374422966099999421e-02,1.731071027099999882e-01,-6.361120719299999671e-01
8.547530068799999436e-02,1.647136459100000117e-01,-6.232130705399999693e-01
8.712243714700000641e-02,1.564550558099999933e-01,-6.103474545499999460e-01
8.868698770499999773e-02,1.483318020499999890e-01,-5.975204243999999720e-01
9.017030572600000238e-02,1.403442787899999988e-01,-5.847370308799999528e-01
9.157374851400000570e-02,1.324928064800000027e-01,-5.720021765599999641e-01
9.289867657900000020e-02,1.247776335099999995e-01,-5.593206172200000381e-01
9.414645291400000615e-02,1.171989379800000008e-01,-5.466969633599999545e-01
9.531844229300000249e-02,1.097568293400000006e-01,-5.341356816400000262e-01
9.641601058700000060e-02,1.024513501299999935e-01,-5.216410965000000122e-01
9.744052408799999676e-02,9.528247759800000105e-02,-5.092173916800000200e-01
9.839334886400000202e-02,8.825012538599999457e-02,-4.968686118000000262e-01
9.927585011799999748e-02,8.135414518500000414e-02,-4.845986640200000140e-01
1.000893915700000053e-01,7.459432836200000083e-02,-4.724113196499999945e-01
1.008353348499999996e-01,6.797040758700000074e-02,-4.603102158099999786e-01
1.015150389299999956e-01,6.148205844000000087e-02,-4.482988571500000075e-01
1.021298595100000040e-01,5.512890101199999920e-02,-4.363806175000000120e-01
1.026811485200000013e-01,4.891050148099999884e-02,-4.245587416300000139e-01
1.031702535400000065e-01,4.282637368199999905e-02,-4.128363470099999932e-01
1.035985172799999965e-01,3.687598066100000044e-02,-4.012164254899999727e-01
1.039672770800000035e-01,3.105873620700000046e-02,-3.897018451500000036e-01
1.042778644400000065e-01,2.537400637700000169e-02,-3.782953520299999761e-01
1.045316045100000008e-01,1.982111099999999890e-02,-3.669995719699999936e-01
1.047298156199999997e-01,1.439932516500000079e-02,-3.558170123500000170e-01
1.048738088700000015e-01,9.107880690599999551e-03,-3.447500639900000219e-01
1.049648876799999936e-01,3.945967586100000007e-03,-3.338010028999999768e-01
1.050043473499999991e-01,-1.087264516100000088e-03,-3.229719921800000004e-01
1.049934747100000065e-01,-5.992704937500000113e-03,-3.122650838000000095e-01
1.049335476600000011e-01,-1.077128055100000023e-02,-3.016822204699999843e-01
1.048258348499999937e-01,-1.542395439600000029e-02,-2.912252375100000124e-01
1.046715953100000041e-01,-1.995172431100000060e-02,-2.808958646799999959e-01
1.044720780700000018e-01,-2.435562158599999943e-02,-2.706957280300000268e-01
1.042285218500000055e-01,-2.863670962900000116e-02,-2.606263517899999882e-01
1.039421547500000015e-01,-3.279608265799999894e-02,-2.506891601899999822e-01
1.036141939300000009e-01,-3.683486440500000070e-02,-2.408854793599999877e-01
1.032458452799999982e-01,-4.075420684400000298e-02,-2.312165391500000111e-01
1.028383032099999955e-01,-4.455528893300000209e-02,-2.216834750199999926e-01
1.023927503200000033e-01,-4.823931537799999725e-02,-2.122873298500000117e-01
1.019103571699999933e-01,-5.180751542099999718e-02,-2.030290558400000001e-01
1.013922820200000019e-01,-5.526114163200000068e-02,-1.939095163400000044e-01
1.008396706000000004e-01,-5.860146874100000125e-02,-1.849294876700000034e-01
1.002536559100000030e-01,-6.182979247300000175e-02,-1.760896609800000068e-01
9.963535798799999510e-02,-6.494742840700000464e-02,-1.673906440700000109e-01
9.898588370399999392e-02,-6.795571086200000166e-02,-1.588329632000000102e-01
9.830632659599999879e-02,-7.085599179000000303e-02,-1.504170649400000115e-01
9.759776667800000582e-02,-7.364963969799999399e-02,-1.421433179400000135e-01
9.686127028100000036e-02,-7.633803858500000372e-02,-1.340120147399999906e-01
9.609788989499999656e-02,-7.892258690299999713e-02,-1.260233735500000118e-01
9.530866402599999510e-02,-8.140469652899999520e-02,-1.181775400600000026e-01
9.449461706099999969e-02,-8.378579176799999528e-02,-1.104745891599999974e-01
9.365675914300000682e-02,-8.606730836499999759e-02,-1.029145267099999955e-01
9.279608605899999918e-02,-8.825069254499999516e-02,-9.549729130299999813e-02
9.191357913400000079e-02,-9.033740006500000363e-02,-8.822275597699999472e-02
9.101020513299999670e-02,-9.232889529000000428e-02,-8.109072992999999396e-02
9.008691618000000401e-02,-9.422665029099999701e-02,-7.410096023499999907e-02
8.914464967700000408e-02,-9.603214395100000134e-02,-6.725313351900000236e-02
8.818432823800000098e-02,-9.774686110499999914e-02,-6.054687764899999852e-02
8.720685962700000515e-02,-9.937229168899999743e-02,-5.398176338400000052e-02
8.621313670999999901e-02,-1.009099299100000013e-01,-4.755730602899999743e-02
8.520403741099999428e-02,-1.023612734399999974e-01,-4.127296705599999699e-02
8.418042467599999579e-02,-1.037278226100000061e-01,-3.512815572800000175e-02
8.314314644999999671e-02,-1.050110796799999940e-01,-2.912223068700000098e-02
8.209303565299999605e-02,-1.062125480100000047e-01,-2.325450154500000033e-02
8.103091017300000087e-02,-1.073337313999999931e-01,-1.752423044099999869e-02
7.995757285900000066e-02,-1.083761333399999999e-01,-1.193063359100000019e-02
7.887381152599999556e-02,-1.093412563099999957e-01,-6.472882818700000269e-03
7.778039896299999978e-02,-1.102306011000000058e-01,-1.150107064199999956e-03
7.667809295199999597e-02,-1.110456661499999997e-01,4.038606119700000052e-03
7.556763629000000371e-02,-1.117879469100000051e-01,9.094209093100000599e-03
7.444975682099999603e-02,-1.124589352099999995e-01,1.401769267299999948e-02
7.332516746900000215e-02,-1.130601186499999994e-01,1.881008469299999888e-02
7.219456628300000012e-02,-1.135929800099999970e-01,2.347244858700000061e-02
7.105863648299999558e-02,-1.140589966599999949e-01,2.800588198899999978e-02
6.991804651600000420e-02,-1.144596400400000047e-01,3.241151535000000306e-02
6.877345011600000113e-02,-1.147963750699999980e-01,3.669051057900000329e-02
6.762548636500000099e-02,-1.150706596700000056e-01,4.084405970200000180e-02
6.647477976799999466e-02,-1.152839442100000028e-01,4.487338353999999890e-02
6.532194032599999978e-02,-1.154376710799999983e-01,4.877973040499999913e-02
6.416756361500000616e-02,-1.155332741400000029e-01,5.256437482199999983e-02
6.301223087399999978e-02,-1.155721783099999955e-01,5.622861626399999757e-02
6.185650909100000316e-02,-1.155557991299999976e-01,5.977377791499999954e-02
6.070095109899999869e-02,-1.154855422999999937e-01,6.320120544099999682e-02
5.954609567699999800e-02,-1.153628032899999961e-01,6.651226579800000038e-02
5.839246764400000261e-02,-1.151889669499999991e-01,6.970834604700000547e-02
5.724057797399999953e-02,-1.149654071000000000e-01,7.279085219200000234e-02
5.609092390300000203e-02,-1.146934861999999999e-01,7.576120804500000028e-02
5.494398904100000064e-02,-1.143745549599999994e-01,7.862085410199999569e-02
5.380024349100000214e-02,-1.140099520199999994e-01,8.137124645000000378e-02
5.266014397100000216e-02,-1.136010036500000042e-01,8.401385568300000217e-02
5.152413393500000077e-02,-1.131490233800000050e-01,8.655016584699999627e-02
5.039264370100000195e-02,-1.126553117700000023e-01,8.898167340199999997e-02
4.926609058300000094e-02,-1.121211560899999932e-01,9.130988620499999597e-02
4.814487902200000058e-02,-1.115478300500000047e-01,9.353632251400000042e-02
4.702940072200000043e-02,-1.109365935700000055e-01,9.566251000999999310e-02
4.592003478599999966e-02,-1.102886925099999943e-01,9.768998484499999413e-02
4.481714786100000208e-02,-1.096053584399999947e-01,9.962029069899999700e-02
4.372109427700000134e-02,-1.088878084699999998e-01,1.014549778700000043e-01
4.263221619199999979e-02,-1.081372449600000035e-01,1.031956023800000011e-01
4.155084374200000014e-02,-1.073548554200000060e-01,1.048437250900000062e-01
4.047729518800000093e-02,-1.065418122500000064e-01,1.064009108500000023e-01
3.941187706600000201e-02,-1.056992726100000057e-01,1.078687276799999983e-01
3.835488433999999919e-02,-1.048283782799999952e-01,1.092487459100000002e-01
3.730660055699999700e-02,-1.039302554599999956e-01,1.105425374200000033e-01
3.626729800200000076e-02,-1.030060146700000068e-01,1.117516748699999979e-01
3.523723785599999769e-02,-1.020567506299999982e-01,1.128777308899999998e-01
3.421667034900000015e-02,-1.010835421199999945e-01,1.139222774099999946e-01
3.320583492799999981e-02,-1.000874519099999999e-01,1.148868848899999989e-01
3.220496040899999829e-02,-9.906952660899999430e-02,1.157731216200000024e-01
3.121426514299999871e-02,-9.803079665300000467e-02,1.165825530599999965e-01
3.023395717600000157e-02,-9.697227617799999977e-02,1.173167412000000048e-01
2.926423441499999972e-02,-9.589496297600000330e-02,1.179772438299999948e-01
2.830528478499999903e-02,-9.479983843700000301e-02,1.185656140100000006e-01
2.735728639999999989e-02,-9.368786749900000210e-02,1.190833993899999971e-01
2.642040772500000093e-02,-9.255999861800000283e-02,1.195321416500000067e-01
2.549480773900000136e-02,-9.141716373100000625e-02,1.199133759299999963e-01
2.458063610200000165e-02,-9.026027824000000532e-02,1.202286302599999968e-01
2.367803331999999983e-02,-8.909024100199999796e-02,1.204794250400000044e-01
2.278713091000000163e-02,-8.790793432099999749e-02,1.206672725000000057e-01
2.190805156600000164e-02,-8.671422395300000530e-02,1.207936761900000044e-01
2.104090932700000000e-02,-8.550995912099999818e-02,1.208601305299999984e-01
2.018580973599999953e-02,-8.429597252800000162e-02,1.208681203000000065e-01
1.934285000999999907e-02,-8.307308039100000374e-02,1.208191202100000056e-01
1.851211920599999880e-02,-8.184208246700000466e-02,1.207145944500000040e-01
1.769369838199999836e-02,-8.060376210000000374e-02,1.205559962600000062e-01
1.688766076100000138e-02,-7.935888626300000026e-02,1.203447675499999953e-01
1.609407189799999874e-02,-7.810820561499999537e-02,1.200823384899999957e-01
1.531298984200000005e-02,-7.685245455799999403e-02,1.197701271400000017e-01
1.454446529600000003e-02,-7.559235130600000518e-02,1.194095390900000025e-01
1.378854178299999955e-02,-7.432859795400000025e-02,1.190019671099999954e-01
1.304525580400000065e-02,-7.306188056000000042e-02,1.185487908300000004e-01
1.231463699800000068e-02,-7.179286922199999699e-02,1.180513764100000057e-01
1.159670830600000035e-02,-7.052221817300000084e-02,1.175110762599999997e-01
1.089148612400000007e-02,-6.925056587099999439e-02,1.169292287300000011e-01
1.019898046500000016e-02,-6.797853509800000360e-02,1.163071578399999945e-01
9.519195114499999152e-03,-6.670673306700000693e-02,1.156461730399999943e-01
8.852127783800000163e-03,-6.543575152599999389e-02,1.149475689499999953e-01
8.197770268599999938e-03,-6.416616687499999971e-02,1.142126251000000065e-01
7.556108599800000214e-03,-6.289854028100000383e-02,1.134426057799999971e-01
6.927123196999999954e-03,-6.163341779900000095e-02,1.126387597499999976e-01
6.310789019000000166e-03,-6.037133050199999795e-02,1.118023201000000050e-01
5.707075713999999571e-03,-5.911279460300000038e-02,1.109345040599999943e-01
5.115947768000000430e-03,-5.785831159500000320e-02,1.100365127999999998e-01
4.537364652000000324e-03,-5.660836838500000329e-02,1.091095313099999936e-01
3.971280968199999983e-03,-5.536343743299999842e-02,1.081547282299999968e-01
3.417646593799999934e-03,-5.412397689699999931e-02,1.071732556999999975e-01
2.876406824900000058e-03,-5.289043077700000123e-02,1.061662492900000004e-01
2.347502517099999981e-03,-5.166322907100000250e-02,1.051348278099999978e-01
1.830870226399999943e-03,-5.044278791699999959e-02,1.040800932899999948e-01
1.326442347200000029e-03,-4.922950975600000334e-02,1.030031308199999968e-01
8.341472496699999873e-04,-4.802378348599999763e-02,1.019050084900000042e-01
3.539094148100000044e-04,-4.682598462299999986e-02,1.007867773399999944e-01
-1.143504314199999996e-04,-4.563647546199999655e-02,9.964947125999999711e-02
-5.707151860399999879e-04,-4.445560524000000124e-02,9.849410697200000619e-02
-1.015271238399999927e-03,-4.328371030699999789e-02,9.732168396399999699e-02
-1.448108341499999971e-03,-4.212111428600000262e-02,9.613318446499999337e-02
-1.869319484400000075e-03,-4.096812825099999805e-02,9.492957341900000456e-02
-2.279000766899999877e-03,-3.982505089200000237e-02,9.371179846900000443e-02
-2.677251275799999875e-03,-3.869216869099999928e-02,9.248078994800000563e-02
-3.064172962700000002e-03,-3.756975609700000107e-02,9.123746087900000412e-02
-3.439870523699999853e-03,-3.645807569600000020e-02,8.998270698700000514e-02
-3.804451280600000193e-03,-3.535737839499999979e-02,8.871740671199999928e-02
-4.158025064599999918e-03,-3.426790359399999736e-02,8.744242123800000099e-02
-4.500704100500000152e-03,-3.318987936599999966e-02,8.615859451799999513e-02
-4.832602894199999714e-03,-3.212352263800000163e-02,8.486675331899999619e-02
-5.153838120599999600e-03,-3.106903936800000168e-02,8.356770726699999652e-02
-5.464528514299999903e-03,-3.002662472799999885e-02,8.226224889699999820e-02
-5.764794761500000378e-03,-2.899646328400000070e-02,8.095115371699999895e-02
-6.054759394400000341e-03,-2.797872917699999878e-02,7.963518027100000007e-02
-6.334546686099999657e-03,-2.697358630699999912e-02,7.831507021500000443e-02
-6.604282549200000095e-03,-2.598118851299999893e-02,7.699154838999999750e-02
-6.864094434299999881e-03,-2.500167975400000020e-02,7.566532291300000213e-02
-7.114111231900000290e-03,-2.403519429499999943e-02,7.433708526399999961e-02
-7.354463174800000315e-03,-2.308185688600000035e-02,7.300751038199999876e-02
-7.585281743700000162e-03,-2.214178294399999844e-02,7.167725676599999429e-02
-7.806699573100000025e-03,-2.121507873599999885e-02,7.034696658200000063e-02
-8.018850360500000621e-03,-2.030184156199999965e-02,6.901726577399999729e-02
-8.221868776100000470e-03,-1.940215993299999886e-02,6.768876418100000514e-02
-8.415890375399999804e-03,-1.851611375099999901e-02,6.636205565599999356e-02
-8.601051512900000431e-03,-1.764377449299999942e-02,6.503771819199999360e-02
-8.777489257899999398e-03,-1.678520538899999984e-02,6.371631405399999504e-02
-8.945341311799999764e-03,-1.594046159899999843e-02,6.239838990700000143e-02
-9.104745927799999181e-03,-1.510959039199999930e-02,6.108447695900000307e-02
-9.255841831699999564e-03,-1.429263132599999965e-02,5.977509109999999681e-02
-9.398768144900000038e-03,-1.348961642099999990e-02,5.847073304699999807e-02
-9.533664309099999790e-03,-1.270057033400000084e-02,5.717188849200000034e-02
-9.660670012500000708e-03,-1.192551053899999942e-02,5.587902825499999754e-02
-9.779925117900000603e-03,-1.116444749399999985e-02,5.459260844000000251e-02
-9.891569592799999422e-03,-1.041738481799999935e-02,5.331307058799999998e-02
-9.995743441000000049e-03,-9.684319459099999597e-03,5.204084184200000185e-02
-1.009258663599999981e-02,-8.965241867800000791e-03,5.077633511099999969e-02
-1.018223905399999983e-02,-8.260136163100000040e-03,4.951994923200000315e-02
-1.026484041600000084e-02,-7.568980301200000163e-03,4.827206914300000151e-02
-1.034053021899999925e-02,-6.891746241999999710e-03,4.703306604899999688e-02
-1.040944768099999994e-02,-6.228400113000000238e-03,4.580329760000000083e-02
-1.047173168199999962e-02,-5.578902373600000061e-03,4.458310806000000126e-02
-1.052752070600000006e-02,-4.943207976600000331e-03,4.337282848900000237e-02
-1.057695278600000004e-02,-4.321266528499999662e-03,4.217277691900000319e-02
-1.062016545100000035e-02,-3.713022448599999879e-03,4.098325853399999857e-02
-1.065729567599999969e-02,-3.118415126299999788e-03,3.980456584900000233e-02
-1.068847982700000046e-02,-2.537379076500000108e-03,3.863697890000000051e-02
-1.071385361800000074e-02,-1.969844093899999864e-03,3.748076542099999797e-02
-1.073355205899999970e-02,-1.415735405499999894e-03,3.633618103300000068e-02
-1.074770941299999991e-02,-8.749738205800000265e-04,3.520346942699999898e-02
-1.075645915100000016e-02,-3.474758804200000096e-04,3.408286255600000147e-02
-1.075993391000000000e-02,1.668459950799999997e-04,3.297458082000000179e-02
-1.075826545000000030e-02,6.680833618500000301e-04,3.187883325199999951e-02
-1.075158461600000080e-02,1.156331608100000068e-03,3.079581771200000026e-02
-1.074002129999999944e-02,1.631689812699999931e-03,2.972572107600000152e-02
-1.072370440199999983e-02,2.094260604999999883e-03,2.866871942100000098e-02
-1.070276179600000016e-02,2.544150027199999862e-03,2.762497822299999836e-02
-1.067732029599999938e-02,2.981467398099999812e-03,2.659465253900000076e-02
-1.064750562199999993e-02,3.406325178599999785e-03,2.557788720500000015e-02
-1.061344237000000010e-02,3.818838839899999990e-03,2.457481702300000001e-02
-1.057525398099999972e-02,4.219126732699999757e-03,2.358556694899999889e-02
-1.053306271400000077e-02,4.607309958899999738e-03,2.261025228899999837e-02
-1.048698961499999922e-02,4.983512245399999638e-03,2.164897888400000095e-02
-1.043715449200000034e-02,5.347859819099999579e-03,2.070184330300000111e-02
-1.038367589399999923e-02,5.700481284699999984e-03,1.976893302899999927e-02
-1.032667108099999918e-02,6.041507504200000107e-03,1.885032664900000016e-02
-1.026625600600000049e-02,6.371071477899999808e-03,1.794609404499999950e-02
-1.020254529100000050e-02,6.689308228599999753e-03,1.705629657399999888e-02
-1.013565220899999980e-02,6.996354686100000365e-03,1.618098726300000109e-02
-1.006568866199999968e-02,7.292349575300000400e-03,1.532021098999999942e-02
-9.992765166400000357e-03,7.577433305500000035e-03,1.447400466799999945e-02
-9.916990833300000710e-03,7.851747861600000614e-03,1.364239743500000011e-02
-9.838473354700000631e-03,8.115436697800000251e-03,1.282541082899999949e-02
-9.757318987700000848e-03,8.368644632999999375e-03,1.202305897599999923e-02
-9.673632541399999202e-03,8.611517747999999570e-03,1.123534876900000000e-02
-9.587517363900000672e-03,8.844203285400000641e-03,1.046228004700000026e-02
-9.499075331100000769e-03,9.066849550599999710e-03,9.703845773299999561e-03
-9.408406835600000018e-03,9.279605815400000790e-03,8.960032214299999340e-03
-9.315610777400000486e-03,9.482622223599999206e-03,8.230819114000000741e-03
-9.220784555199999788e-03,9.676049698300000224e-03,7.516179868599999654e-03
-9.124024058200000051e-03,9.860039851100000502e-03,6.816081699899999811e-03
-9.025423659700000656e-03,1.003474489400000072e-02,6.130485826400000268e-03
-8.925076210699999651e-03,1.020031755099999951e-02,5.459347633800000141e-03
-8.823073035199999886e-03,1.035691097599999999e-02,4.802616842999999670e-03
-8.719503925499999530e-03,1.050467866899999943e-02,4.160237677199999859e-03
-8.614457138799999983e-03,1.064377439399999924e-02,3.532149027099999814e-03
-8.508019394800000329e-03,1.077435210099999922e-02,2.918284614400000216e-03
-8.400275873799999821e-03,1.089656584899999919e-02,2.318573153899999937e-03
-8.291310215299999703e-03,1.101056973099999968e-02,1.732938512999999958e-03
-8.181204517999999745e-03,1.111651780100000007e-02,1.161299870900000088e-03
-8.070039339999999714e-03,1.121456400100000021e-02,6.035718743599999964e-04
-7.957893699999999543e-03,1.130486209300000065e-02,5.966479275999999666e-05
-7.844845079100000451e-03,1.138756559199999990e-02,-4.705153290600000231e-04
-7.730969423100000210e-03,1.146282769699999947e-02,-9.870665198899999590e-04
-7.616341146199999586e-03,1.153080123199999932e-02,-1.490090733100000097e-03
-7.501033133800000426e-03,1.159163857799999989e-02,-1.979693699300000102e-03
-7.385116748100000079e-03,1.164549161700000057e-02,-2.455984781699999901e-03
-7.268661831900000321e-03,1.169251167099999954e-02,-2.919076832000000194e-03
-7.151736715199999601e-03,1.173284944500000045e-02,-3.369086050099999972e-03
-7.034408220699999749e-03,1.176665497400000010e-02,-3.806131844099999890e-03
-6.916741671000000043e-03,1.179407756700000080e-02,-4.230336693499999953e-03
-6.798800895299999744e-03,1.181526575699999929e-02,-4.641826013900000013e-03
-6.680648237700000276e-03,1.183036724800000036e-02,-5.040728023699999824e-03
-6.562344565299999856e-03,1.183952887099999976e-02,-5.427173613199999871e-03
-6.443949276500000010e-03,1.184289653199999993e-02,-5.801296215300000107e-03
-6.325520311200000072e-03,1.184061517199999983e-02,-6.163231678699999765e-03
-6.207114159499999700e-03,1.183282872000000069e-02,-6.513118142999999895e-03
-6.088785872299999798e-03,1.181968004999999974e-02,-6.851095915799999825e-03
-5.970589071800000078e-03,1.180131094500000075e-02,-7.177307351900000416e-03
-5.852575962399999589e-03,1.177786205300000028e-02,-7.491896734799999985e-03
-5.734797341799999573e-03,1.174947285200000045e-02,-7.795010160199999753e-03
-5.617302613300000427e-03,1.171628161699999997e-02,-8.086795421099999409e-03
-5.500139797099999964e-03,1.167842537800000031e-02,-8.367401896099999764e-03
-5.383355543399999735e-03,1.163603989399999983e-02,-8.636980438600000767e-03
-5.266995144399999780e-03,1.158925961899999989e-02,-8.895683268799999335e-03
-5.151102548199999569e-03,1.153821766999999984e-02,-9.143663867899999922e-03
-5.035720371499999640e-03,1.148304580200000015e-02,-9.381076873599999977e-03
-4.920889913499999942e-03,1.142387437600000076e-02,-9.608077978599999236e-03
-4.806651169799999908e-03,1.136083233700000035e-02,-9.824823830699999996e-03
-4.693042846400000134e-03,1.129404718800000075e-02,-1.003147193499999944e-02
-4.580102374500000413e-03,1.122364496499999968e-02,-1.022818055800000028e-02
-4.467865924900000021e-03,1.114975021799999993e-02,-1.041510863499999981e-02
-4.356368422700000222e-03,1.107248598499999993e-02,-1.059241567599999989e-02
-4.245643562799999646e-03,1.099197378000000072e-02,-1.076026168099999958e-02
-4.135723824999999743e-03,1.090833356499999914e-02,-1.091880704599999981e-02
-4.026640489400000293e-03,1.082168374099999955e-02,-1.106821248300000025e-02
-3.918423651999999868e-03,1.073214112900000052e-02,-1.120863893599999966e-02
-3.811102240700000102e-03,1.063982095400000001e-02,-1.134024749400000011e-02
-3.704704031099999816e-03,1.054483683099999985e-02,-1.146319931900000033e-02
-3.599255662800000203e-03,1.044730075499999966e-02,-1.157765556599999954e-02
-3.494782655300000124e-03,1.034732308699999950e-02,-1.168377730200000075e-02
-3.391309424399999856e-03,1.024501254400000082e-02,-1.178172544299999937e-02
-3.288859298999999986e-03,1.014047619000000081e-02,-1.187166067199999994e-02
-3.187454537100000047e-03,1.003381942700000071e-02,-1.195374337699999998e-02
-3.087116342800000184e-03,9.925145988400000535e-03,-1.202813357800000017e-02
-2.987864882899999869e-03,9.814557930200000155e-03,-1.209499086299999950e-02
-2.889719303599999969e-03,9.702155627899999857e-03,-1.215447432599999975e-02
-2.792697747299999894e-03,9.588037771000000598e-03,-1.220674249999999933e-02
-2.696817369600000135e-03,9.472301358900000676e-03,-1.225195330299999955e-02
-2.602094355999999987e-03,9.355041698300000860e-03,-1.229026397299999920e-02
-2.508543939099999818e-03,9.236352401499999670e-03,-1.232183101499999961e-02
-2.416180415000000054e-03,9.116325384800000667e-03,-1.234681014600000001e-02
-2.325017161199999932e-03,8.995050868400000441e-03,-1.236535624000000000e-02
-2.235066652500000174e-03,8.872617377099999841e-03,-1.237762327899999924e-02
-2.146340478699999832e-03,8.749111741299999204e-03,-1.238376429900000034e-02
-2.058849361300000083e-03,8.624619098999999206e-03,-1.238393134899999984e-02
-1.972603170300000087e-03,8.499222898900000295e-03,-1.237827543599999934e-02
-1.887610941399999907e-03,8.373004903600000243e-03,-1.236694648799999997e-02
-1.803880892300000057e-03,8.246045194200000289e-03,-1.235009330600000087e-02
-1.721420440400000086e-03,8.118422174599999527e-03,-1.232786352499999974e-02
-1.640236218600000075e-03,7.990212577700000693e-03,-1.230040357199999913e-02
-1.560334092799999916e-03,7.861491471200000858e-03,-1.226785862999999963e-02
-1.481719178100000074e-03,7.732332264499999774e-03,-1.223037260099999954e-02
-1.404395855499999957e-03,7.602806716300000364e-03,-1.218808806899999986e-02
-1.328367788299999932e-03,7.472984942400000274e-03,-1.214114626899999959e-02
-1.253637938900000002e-03,7.342935424600000212e-03,-1.208968705099999937e-02
-1.180208584700000087e-03,7.212725019400000395e-03,-1.203384885400000069e-02
-1.108081334500000091e-03,7.082418968100000385e-03,-1.197376867099999957e-02
-1.037257144800000095e-03,6.952080906899999781e-03,-1.190958202900000047e-02
-9.677363357100000202e-04,6.821772877300000260e-03,-1.184142295300000085e-02
-8.995186069399999703e-04,6.691555337600000111e-03,-1.176942394999999988e-02
-8.326030535700000091e-04,6.561487174499999915e-03,-1.169371597800000079e-02
-7.669881818200000511e-04,6.431625714900000151e-03,-1.161442842799999958e-02
-7.026719246699999468e-04,6.302026738600000240e-03,-1.153168910099999951e-02
-6.396516572899999670e-04,6.172744491500000395e-03,-1.144562418899999941e-02
-5.779242123700000086e-04,6.043831698100000059e-03,-1.135635825599999940e-02
-5.174858953900000284e-04,5.915339576200000400e-03,-1.126401422000000013e-02
-4.583324996300000131e-04,5.787317850000000229e-03,-1.116871334000000063e-02
-4.004593211300000151e-04,5.659814765199999709e-03,-1.107057519399999926e-02
-3.438611734799999981e-04,5.532877103299999912e-03,-1.096971767500000070e-02
-2.885324024399999799e-04,5.406550196900000195e-03,-1.086625696899999952e-02
-2.344669004700000118e-04,5.280877944900000051e-03,-1.076030755099999930e-02
-1.816581210199999985e-04,5.155902827999999695e-03,-1.065198216800000014e-02
-1.300990927400000080e-04,5.031665924999999609e-03,-1.054139183600000078e-02
-7.978243349400000349e-05,4.908206928400000134e-03,-1.042864582599999958e-02
-3.070036421000000296e-05,4.785564161400000099e-03,-1.031385165999999971e-02
1.715527740299999934e-05,4.663774593900000230e-03,-1.019711510600000010e-02
6.379302334199999486e-05,4.542873860100000126e-03,-1.007854016799999974e-02
1.092217619400000022e-04,4.422896274599999802e-03,-9.958229085500000174e-03
1.534507246900000015e-04,4.303874850399999619e-03,-9.836282329300000474e-03
1.964894731900000094e-04,4.185841316100000382e-03,-9.712798598399999608e-03
2.383478863499999875e-04,4.068826133299999724e-03,-9.587874818899999596e-03
2.790361476900000168e-04,3.952858514400000092e-03,-9.461606143099999741e-03
3.185647328299999925e-04,3.837966440600000008e-03,-9.334085949899999582e-03
3.569443972399999982e-04,3.724176679600000022e-03,-9.205405845499999712e-03
3.941861640300000150e-04,3.611514803999999954e-03,-9.075655665099999561e-03
4.303013120700000080e-04,3.500005209499999857e-03,-8.944923476000000290e-03
4.653013641699999784e-04,3.389671132999999819e-03,-8.813295580299999529e-03
4.991980754999999830e-04,3.280534670800000063e-03,-8.680856519399999388e-03
5.320034222100000027e-04,3.172616797699999869e-03,-8.547689078800000187e-03
5.637295901800000409e-04,3.065937385000000112e-03,-8.413874293200000742e-03
5.943889640299999813e-04,2.960515219099999797e-03,-8.279491453200000031e-03
6.239941162199999893e-04,2.856368020199999847e-03,-8.144618111800000851e-03
6.525577964299999730e-04,2.753512461200000126e-03,-8.009330092199999640e-03
6.800929210399999985e-04,2.651964185699999792e-03,-7.873701495500000716e-03
7.066125628900000359e-04,2.551737827200000006e-03,-7.737804709899999932e-03
7.321299411699999909e-04,2.452847027799999902e-03,-7.601710419699999818e-03
7.566584114400000220e-04,2.355304456400000163e-03,-7.465487615000000396e-03
7.802114560099999985e-04,2.259121827900000077e-03,-7.329203602700000431e-03
8.028026742899999502e-04,2.164309921299999943e-03,-7.192924016900000342e-03
8.244457734999999839e-04,2.070878598599999818e-03,-7.056712830699999814e-03
8.451545594899999899e-04,1.978836823499999838e-03,-6.920632367700000134e-03
8.649429277200000512e-04,1.888192679600000099e-03,-6.784743315100000109e-03
8.838248545199999667e-04,1.798953388899999931e-03,-6.649104735700000351e-03
9.018143884100000406e-04,1.711125330299999997e-03,-6.513774082200000232e-03
9.189256417100000402e-04,1.624714057999999961e-03,-6.378807210000000255e-03
9.351727822899999877e-04,1.539724319400000065e-03,-6.244258391900000225e-03
9.505700254800000283e-04,1.456160073599999973e-03,-6.110180332399999664e-03
9.651316262200000488e-04,1.374024509599999951e-03,-5.976624182600000050e-03
9.788718713199999564e-04,1.293320063700000066e-03,-5.843639555600000333e-03
9.918050719499998946e-04,1.214048438000000108e-03,-5.711274541800000389e-03
1.003945556300000000e-03,1.136210617700000002e-03,-5.579575724900000082e-03
1.015307662499999970e-03,1.059806889000000077e-03,-5.448588198199999684e-03
1.025905731399999942e-03,9.848368568999999600e-04,-5.318355581000000151e-03
1.035754100000000092e-03,9.112994619599999475e-04,-5.188920035400000283e-03
1.044867094600000030e-03,8.391929981599999646e-04,-5.060322283199999820e-03
1.053259024599999955e-03,7.685151298200000158e-04,-4.932601623400000024e-03
1.060944175899999941e-03,6.992629086700000033e-04,-4.805795949400000315e-03
1.067936805000000051e-03,6.314327907300000542e-04,-4.679941767099999803e-03
1.074251132900000058e-03,5.650206530200000072e-04,-4.555074212500000337e-03
1.079901339399999939e-03,5.000218101500000529e-04,-4.431227069800000237e-03
1.084901557500000035e-03,4.364310307899999810e-04,-4.308432789899999636e-03
1.089265867799999897e-03,3.742425538400000109e-04,-4.186722508899999758e-03
1.093008293300000086e-03,3.134501046499999855e-04,-4.066126066200000111e-03
1.096142794400000028e-03,2.540469108800000211e-04,-3.946672023999999931e-03
1.098683263500000069e-03,1.960257182899999967e-04,-3.828387685400000146e-03
1.100643520699999935e-03,1.393788063400000119e-04,-3.711299113800000174e-03
1.102037308699999963e-03,8.409800364900000018e-05,-3.595431152200000060e-03
1.102878288800000035e-03,3.017470317200000019e-05,-3.480807441700000185e-03
1.103180035799999946e-03,-2.240012267800000037e-05,-3.367450441300000145e-03
1.102956034599999937e-03,-7.363590717300000474e-05,-3.255381446999999848e-03
1.102219675500000105e-03,-1.235424745700000008e-04,-3.144620611200000214e-03
1.100984250800000072e-03,-1.721300255900000018e-04,-3.035186962300000148e-03
1.099262950500000044e-03,-2.194091231200000073e-04,-2.927098423600000068e-03
1.097068859299999951e-03,-2.653906780700000020e-04,-2.820371833699999997e-03
1.094414952500000031e-03,-3.100859354499999965e-04,-2.715022965000000142e-03
1.091314093100000061e-03,-3.535064605999999944e-04,-2.611066543900000120e-03
1.087779028499999976e-03,-3.956641256799999884e-04,-2.508516270099999789e-03
1.083822387299999924e-03,-4.365710963400000152e-04,-2.407384835900000086e-03
1.079456676300000065e-03,-4.762398185100000041e-04,-2.307683946000000166e-03
1.074694278100000013e-03,-5.146830055100000542e-04,-2.209424336799999979e-03
1.069547448099999933e-03,-5.519136253099999733e-04,-2.112615795500000053e-03
1.064028311799999947e-03,-5.879448879300000009e-04,-2.017267180199999992e-03
1.058148862900000009e-03,-6.227902331700000370e-04,-1.923386438300000046e-03
1.051920960599999960e-03,-6.564633184299999581e-04,-1.830980626400000076e-03
1.045356327400000012e-03,-6.889780067900000155e-04,-1.740055929400000003e-03
1.038466547399999936e-03,-7.203483553000000284e-04,-1.650617679100000032e-03
1.031263063799999933e-03,-7.505886034200000062e-04,-1.562670373900000098e-03
1.023757177799999906e-03,-7.797131617699999771e-04,-1.476217697199999927e-03
1.015960046199999986e-03,-8.077366009399999979e-04,-1.391262536599999992e-03
1.007882680100000063e-03,-8.346736406400000023e-04,-1.307807002300000057e-03
9.995359437399999568e-04,-8.605391389800000432e-04,-1.225852445799999928e-03
9.909305523500000490e-04,-8.853480819800000397e-04,-1.145399478799999935e-03
9.820770715300000588e-04,-9.091155732800000220e-04,-1.066447990899999955e-03
9.729859157999999576e-04,-9.318568240399999767e-04,-9.889971684000000308e-04
9.636673475599999601e-04,-9.535871430799999857e-04,-9.130455121199999684e-04
9.541314761299999996e-04,-9.743219271900000139e-04,-8.385908555299999853e-04
9.443882568500000345e-04,-9.940766516600000376e-04,-7.656303825299999718e-04
9.344474903399999739e-04,-1.012866861000000099e-03,-6.941606451800000094e-04
9.243188217300000531e-04,-1.030708159800000027e-03,-6.241775811999999762e-04
9.140117401299999861e-04,-1.047616204199999920e-03,-5.556765313899999928e-04
9.035355780900000385e-04,-1.063606692499999978e-03,-4.886522568599999681e-04
8.928995111600000192e-04,-1.078695357500000047e-03,-4.230989560600000011e-04
8.821125575899999970e-04,-1.092897957899999998e-03,-3.590102817200000232e-04
8.711835780099999810e-04,-1.106230269799999980e-03,-2.963793575199999766e-04
8.601212753099999903e-04,-1.118708079500000058e-03,-2.351987947000000001e-04
8.489341945200000157e-04,-1.130347175500000028e-03,-1.754607083600000011e-04
8.376307227599999764e-04,-1.141163341000000098e-03,-1.171567337099999973e-04
8.262190893500000535e-04,-1.151172346600000005e-03,-6.027804205099999887e-05
8.147073658800000348e-04,-1.160389943000000087e-03,-4.815356565800000147e-06
8.031034664500000426e-04,-1.168831854699999961e-03,4.924103202099999917e-05
7.914151479099999602e-04,-1.176513772399999987e-03,1.019012500299999990e-04
7.796500101799999681e-04,-1.183451347199999948e-03,1.531758255800000031e-04
7.678154967099999877e-04,-1.189660183700000026e-03,2.030756735600000010e-04
7.559188948699999957e-04,-1.195155834199999921e-03,2.516120807700000252e-04
7.439673365300000481e-04,-1.199953792399999913e-03,2.987966912999999816e-04
7.319677986099999960e-04,-1.204069487700000062e-03,3.446414920900000103e-04
7.199271037300000470e-04,-1.207518279599999926e-03,3.891587986900000044e-04
7.078519209400000508e-04,-1.210315452100000017e-03,4.323612412400000115e-04
6.957487664199999951e-04,-1.212476208599999996e-03,4.742617506599999984e-04
6.836240043299999809e-04,-1.214015666599999954e-03,5.148735450299999749e-04
6.714838476599999800e-04,-1.214948852500000046e-03,5.542101162000000018e-04
6.593343591399999926e-04,-1.215290697499999979e-03,5.922852165700000096e-04
6.471814521600000166e-04,-1.215056032300000080e-03,6.291128461900000451e-04
6.350308918400000401e-04,-1.214259582900000054e-03,6.647072399200000493e-04
6.228882960099999758e-04,-1.212915966499999998e-03,6.990828548900000034e-04
6.107591363499999737e-04,-1.211039686800000027e-03,7.322543582199999949e-04
5.986487394800000389e-04,-1.208645130599999944e-03,7.642366148300000148e-04
5.865622881700000143e-04,-1.205746563799999903e-03,7.950446755600000439e-04
5.745048225300000439e-04,-1.202358127399999997e-03,8.246937654700000351e-04
5.624812412600000257e-04,-1.198493834399999959e-03,8.531992723900000018e-04
5.504963029199999927e-04,-1.194167566199999964e-03,8.805767355900000377e-04
5.385546272499999948e-04,-1.189393069400000030e-03,9.068418347800000353e-04
5.266606965599999763e-04,-1.184183952800000033e-03,9.320103792699999980e-04
5.148188570300000306e-04,-1.178553684399999933e-03,9.560982973199999525e-04
5.030333201900000087e-04,-1.172515588400000006e-03,9.791216257300000472e-04
4.913081643000000165e-04,-1.166082842899999941e-03,1.001096499700000059e-03
4.796473358800000118e-04,-1.159268477100000106e-03,1.022039142700000014e-03
4.680546511000000074e-04,-1.152085369199999957e-03,1.041965856899999907e-03
4.565337974100000247e-04,-1.144546243599999956e-03,1.060893013499999982e-03
4.450883349800000151e-04,-1.136663669200000098e-03,1.078837043200000026e-03
4.337216982799999877e-04,-1.128450057500000013e-03,1.095814427500000103e-03
4.224371977100000179e-04,-1.119917660100000056e-03,1.111841689199999936e-03
4.112380211100000009e-04,-1.111078567800000095e-03,1.126935384099999986e-03
4.001272354299999982e-04,-1.101944708000000090e-03,1.141112092400000094e-03
3.891077883499999995e-04,-1.092527843999999918e-03,1.154388410300000037e-03
3.781825099099999851e-04,-1.082839573099999902e-03,1.166780941600000085e-03
3.673541141800000021e-04,-1.072891325599999949e-03,1.178306290399999895e-03
3.566252009199999927e-04,-1.062694363199999902e-03,1.188981052999999984e-03
3.459982572899999911e-04,-1.052259778400000106e-03,1.198821810299999929e-03
3.354756595100000065e-04,-1.041598493299999940e-03,1.207845120599999964e-03
3.250596745700000032e-04,-1.030721258700000075e-03,1.216067512700000006e-03
3.147524619899999781e-04,-1.019638653300000046e-03,1.223505478600000074e-03
3.045560754500000237e-04,-1.008361083300000080e-03,1.230175466799999931e-03
2.944724646200000211e-04,-9.968987815400000025e-04,1.236093876100000013e-03
2.845034768099999811e-04,-9.852618070799999163e-04,1.241277048899999983e-03
2.746508587300000126e-04,-9.734600449900000004e-04,1.245741265200000060e-03
2.649162582899999797e-04,-9.615032059000000117e-04,1.249502736200000042e-03
2.553012262299999982e-04,-9.494008258500000229e-04,1.252577599400000064e-03
2.458072179700000271e-04,-9.371622661699999506e-04,1.254981911900000021e-03
2.364355953100000078e-04,-9.247967134699999585e-04,1.256731645700000059e-03
2.271876281699999900e-04,-9.123131796899999583e-04,1.257842682300000037e-03
2.180644963699999983e-04,-8.997205022000000219e-04,1.258330807199999979e-03
2.090672913499999890e-04,-8.870273440599999761e-04,1.258211705400000095e-03
2.001970179100000019e-04,-8.742421942900000052e-04,1.257500956800000061e-03
1.914545959699999944e-04,-8.613733682300000073e-04,1.256214030900000079e-03
1.828408622899999872e-04,-8.484290079799999525e-04,1.254366283100000071e-03
1.743565722100000001e-04,-8.354170829200000502e-04,1.251972950199999914e-03
1.660024013800000112e-04,-8.223453902399999703e-04,1.249049146199999929e-03
1.577789474799999949e-04,-8.092215556399999900e-04,1.245609858600000078e-03
1.496867319200000069e-04,-7.960530339899999589e-04,1.241669944200000019e-03
1.417262015800000113e-04,-7.828471101199999593e-04,1.237244125999999904e-03
1.338977304800000111e-04,-7.696108996500000037e-04,1.232346989699999954e-03
1.262016214799999972e-04,-7.563513498400000097e-04,1.226992979799999915e-03
1.186381079799999938e-04,-7.430752405900000130e-04,1.221196397099999931e-03
1.112073555799999953e-04,-7.297891853799999811e-04,1.214971395400000088e-03
1.039094637200000049e-04,-7.164996323700000046e-04,1.208331978699999937e-03
9.674446739900000437e-05,-7.032128654799999932e-04,1.201291998099999949e-03
8.971233874499999765e-05,-6.899350055100000358e-04,1.193865150100000038e-03
8.281298868900000649e-05,-6.766720114100000221e-04,1.186064972900000057e-03
7.604626857500000495e-05,-6.634296814500000462e-04,1.177904845400000022e-03
6.941197176100000004e-05,-6.502136545700000535e-04,1.169397983900000073e-03
6.290983521500000239e-05,-6.370294116600000358e-04,1.160557440600000056e-03
5.653954109799999946e-05,-6.238822769699999687e-04,1.151396101700000044e-03
5.030071832899999756e-05,-6.107774195100000450e-04,1.141926685300000046e-03
4.419294413399999768e-05,-5.977198544699999921e-04,1.132161739900000011e-03
3.821574558900000336e-05,-5.847144447599999465e-04,1.122113642900000050e-03
3.236860114100000105e-05,-5.717659024800000314e-04,1.111794598999999925e-03
2.665094211700000113e-05,-5.588787905000000512e-04,1.101216638800000007e-03
2.106215421200000089e-05,-5.460575240199999928e-04,1.090391617900000063e-03
1.560157897099999989e-05,-5.333063722100000103e-04,1.079331215300000047e-03
1.026851524899999976e-05,-5.206294598300000237e-04,1.068046932999999971e-03
5.062220650900000192e-06,-5.080307689100000421e-04,1.056550094599999993e-03
-1.808703815899999954e-08,-4.955141404200000222e-04,1.044851844600000034e-03
-4.973228442300000148e-06,-4.830832760200000245e-04,1.032963148099999952e-03
-9.804061202500000528e-06,-4.707417397800000062e-04,1.020894789600000022e-03
-1.451147859999999934e-05,-4.584929599400000078e-04,1.008657372899999984e-03
-1.909640820000000076e-05,-4.463402307200000025e-04,9.962613207499999325e-04
-2.355981050699999856e-05,-4.342867140600000214e-04,9.837168741699999896e-04
-2.790267764700000129e-05,-4.223354414900000226e-04,9.710340925899999713e-04
-3.212603206199999748e-05,-4.104893159600000183e-04,9.582228535099999826e-04
-3.623092522199999752e-05,-3.987511136400000026e-04,9.452928525500000267e-04
-4.021843635799999931e-05,-3.871234858599999782e-04,9.322536034300000531e-04
-4.408967121700000166e-05,-3.756089609000000168e-04,9.191144381000000262e-04
-4.784576082600000021e-05,-3.642099459399999908e-04,9.058845069699999726e-04
-5.148786028499999944e-05,-3.529287289099999783e-04,8.925727791000000145e-04
-5.501714757400000218e-05,-3.417674804399999946e-04,8.791880426200000169e-04
-5.843482237899999825e-05,-3.307282557300000240e-04,8.657389050999999506e-04
-6.174210493599999975e-05,-3.198129965000000231e-04,8.522337940499999983e-04
-6.494023490100000323e-05,-3.090235328899999887e-04,8.386809574900000062e-04
-6.803047022999999583e-05,-2.983615854300000216e-04,8.250884645099999890e-04
-7.101408608400000327e-05,-2.878287669200000091e-04,8.114642060399999707e-04
-7.389237375300000167e-05,-2.774265844099999901e-04,7.978158955299999864e-04
-7.666663959699999747e-05,-2.671564411400000191e-04,7.841510697600000438e-04
-7.933820400900000599e-05,-2.570196384400000181e-04,7.704770897400000339e-04
-8.190840039299999412e-05,-2.470173777299999852e-04,7.568011415799999822e-04
-8.437857417099999500e-05,-2.371507623899999989e-04,7.431302374900000457e-04
-8.675008179399999362e-05,-2.274207997800000000e-04,7.294712167899999964e-04
-8.902428979200000100e-05,-2.178284031100000129e-04,7.158307470099999547e-04
-9.120257382300000625e-05,-2.083743933900000127e-04,7.022153249699999772e-04
-9.328631775699999394e-05,-1.990595013800000102e-04,6.886312779800000082e-04
-9.527691277100000576e-05,-1.898843695099999905e-04,6.750847650199999885e-04
-9.717575646600000591e-05,-1.808495537800000087e-04,6.615817780400000013e-04
-9.898425200399999684e-05,-1.719555256799999937e-04,6.481281432100000506e-04
-1.007038072600000044e-04,-1.632026741199999885e-04,6.347295222899999867e-04
-1.023358340000000033e-04,-1.545913072800000128e-04,6.213914139900000508e-04
-1.038817470699999958e-04,-1.461216545699999881e-04,6.081191553499999637e-04
-1.053429636200000057e-04,-1.377938684399999936e-04,5.949179232400000038e-04
-1.067209022999999969e-04,-1.296080263199999953e-04,5.817927357799999996e-04
-1.080169825700000037e-04,-1.215641324200000042e-04,5.687484538600000349e-04
-1.092326238900000060e-04,-1.136621196299999949e-04,5.557897827200000349e-04
-1.103692450899999985e-04,-1.059018513400000034e-04,5.429212734300000245e-04
-1.114282636000000001e-04,-9.828312327899999868e-05,5.301473245499999576e-04
-1.124110948300000045e-04,-9.080566532300000341e-05,5.174721837199999829e-04
-1.133191514900000051e-04,-8.346914330699999811e-05,5.048999492599999831e-04
-1.141538429199999969e-04,-7.627316081699999555e-05,4.924345719099999710e-04
-1.149165745299999999e-04,-6.921726096800000206e-05,4.800798564100000002e-04
-1.156087471399999960e-04,-6.230092816800000149e-05,4.678394632900000094e-04
-1.162317564200000065e-04,-5.552358986800000242e-05,4.557169105199999990e-04
-1.167869923200000044e-04,-4.888461830100000055e-05,4.437155752700000012e-04
-1.172758385000000016e-04,-4.238333219800000139e-05,4.318386956499999877e-04
-1.176996718199999938e-04,-3.601899849599999985e-05,4.200893724700000020e-04
-1.180598618099999936e-04,-2.979083402800000133e-05,4.084705710200000261e-04
-1.183577701499999990e-04,-2.369800719299999925e-05,3.969851228500000107e-04
-1.185947502199999977e-04,-1.773963961299999912e-05,3.856357275399999824e-04
-1.187721466200000026e-04,-1.191480777599999924e-05,3.744249545399999852e-04
-1.188912946999999960e-04,-6.222544653700000115e-06,3.633552449799999835e-04
-1.189535201399999977e-04,-6.618413101499999958e-07,3.524289134400000246e-04
-1.189601385500000042e-04,4.768351511799999670e-06,3.416481498299999754e-04
-1.189124550399999999e-04,1.006912182100000014e-05,3.310150211699999854e-04
-1.188117638200000045e-04,1.524159482599999955e-05,3.205314734500000007e-04
-1.186593478699999942e-04,2.028693140199999903e-05,3.101993334599999989e-04
-1.184564785599999967e-04,2.520632657699999971e-05,3.000203106000000016e-04
-1.182044152900000022e-04,3.000100803399999885e-05,2.899959987499999979e-04
-1.179044052099999956e-04,3.467223463400000329e-05,2.801278780699999801e-04
-1.175576828699999933e-04,3.922129495899999668e-05,2.704173168599999992e-04
-1.171654699200000009e-04,4.364950587399999934e-05,2.608655733599999846e-04
-1.167289748600000007e-04,4.795821110300000034e-05,2.514737976199999921e-04
-1.162493927499999938e-04,5.214877983199999665e-05,2.422430332699999867e-04
-1.157279049499999982e-04,5.622260532899999699e-05,2.331742193800000066e-04
-1.151656789000000052e-04,6.018110358099999731e-05,2.242681922600000090e-04
-1.145638678600000043e-04,6.402571195199999686e-05,2.155256872699999918e-04
-1.139236107399999959e-04,6.775788786199999400e-05,2.069473405999999955e-04
-1.132460318599999962e-04,7.137910748899999600e-05,1.985336910800000070e-04
-1.125322407899999989e-04,7.489086447900000451e-05,1.902851819699999934e-04
-1.117833321400000027e-04,7.829466869399999949e-05,1.822021627100000023e-04
-1.110003854600000064e-04,8.159204495999999786e-05,1.742848907100000061e-04
-1.101844650100000027e-04,8.478453185500000287e-05,1.665335330899999993e-04
-1.093366196899999961e-04,8.787368049899999488e-05,1.589481684100000128e-04
-1.084578828800000062e-04,9.086105337600000012e-05,1.515287884500000079e-04
-1.075492723499999977e-04,9.374822317300000234e-05,1.442752998800000063e-04
-1.066117901199999986e-04,9.653677163599999535e-05,1.371875259799999920e-04
-1.056464223999999986e-04,9.922828845200000339e-05,1.302652083600000033e-04
-1.046541395199999957e-04,1.018243701399999958e-04,1.235080086100000122e-04
-1.036358958099999972e-04,1.043266189800000040e-04,1.169155099900000066e-04
-1.025926296199999995e-04,1.067366419300000034e-04,1.104872190700000023e-04
-1.015252632099999936e-04,1.090560496300000006e-04,1.042225673800000038e-04
-1.004347027100000058e-04,1.112864553199999972e-04,9.812091301000000314e-05
-9.932183815600000162e-05,1.134294738700000033e-04,9.218154225599999398e-05
-9.818754341699999742e-05,1.154867208099999974e-04,8.640367118600000027e-05
-9.703267620899999721e-05,1.174598113299999975e-04,8.078644722300000198e-05
-9.585807809600000655e-05,1.193503593800000030e-04,7.532895070900000399e-05
-9.466457450199999575e-05,1.211599766999999942e-04,7.003019644600000251e-05
-9.345297473500000244e-05,1.228902719499999922e-04,6.488913522500000205e-05
-9.222407201500000507e-05,1.245428498100000132e-04,5.990465533399999835e-05
-9.097864351700000443e-05,1.261193101099999925e-04,5.507558405599999893e-05
-8.971745041599999749e-05,1.276212470100000090e-04,5.040068914000000094e-05
-8.844123794599999635e-05,1.290502481199999889e-04,4.587868025799999851e-05
-8.715073546499999490e-05,1.304078937400000035e-04,4.150821045300000066e-05
-8.584665652800000583e-05,1.316957560300000029e-04,3.728787755199999739e-05
-8.452969896700000504e-05,1.329153982899999907e-04,3.321622557799999996e-05
-8.320054498400000212e-05,1.340683741400000052e-04,2.929174613300000065e-05
-8.185986124300000219e-05,1.351562268200000023e-04,2.551287976499999862e-05
-8.050829897499999898e-05,1.361804884900000105e-04,2.187801732100000090e-05
-7.914649408999999722e-05,1.371426794900000015e-04,1.838550127799999933e-05
-7.777506729499999636e-05,1.380443076900000063e-04,1.503362705400000046e-05
-7.639462421800000331e-05,1.388868678100000059e-04,1.182064430799999932e-05
-7.500575553999999352e-05,1.396718407699999926e-04,8.744758209799999779e-06
-7.360903713199999567e-05,1.404006930799999917e-04,5.804130706299999846e-06
-7.220503020100000301e-05,1.410748762099999941e-04,2.996881756099999806e-06
-7.079428143899999415e-05,1.416958260000000108e-04,3.210905536599999921e-07
-6.937732317899999676e-05,1.422649621100000050e-04,-2.225203266799999837e-06
-6.795467355800000433e-05,1.427836873999999904e-04,-4.643998445999999578e-06
-6.652683668400000280e-05,1.432533874400000100e-04,-6.937330931199999856e-06
-6.509430280999999930e-05,1.436754299699999891e-04,-9.107272726899999174e-06
-6.365754850999999742e-05,1.440511643599999959e-04,-1.115593076200000062e-05
-6.221703686700000334e-05,1.443819211799999950e-04,-1.308544577600000014e-05
-6.077321765500000306e-05,1.446690116200000131e-04,-1.489799122000000025e-05
-5.932652753899999947e-05,1.449137271500000026e-04,-1.659577217900000124e-05
-5.787739026699999955e-05,1.451173389599999877e-04,-1.818102431000000123e-05
-5.642621687799999987e-05,1.452810976000000020e-04,-1.965601279099999900e-05
-5.497340590200000337e-05,1.454062325500000052e-04,-2.102303129900000113e-05
-5.351934357600000072e-05,1.454939518099999951e-04,-2.228440099300000015e-05
-5.206440405799999836e-05,1.455454414900000113e-04,-2.344246951800000019e-05
-5.060894964299999984e-05,1.455618654900000055e-04,-2.449961002700000093e-05
-4.915333098799999677e-05,1.455443651199999906e-04,-2.545822021699999959e-05
-4.769788733700000045e-05,1.454940587500000090e-04,-2.632072137700000019e-05
-4.624294675000000025e-05,1.454120415000000066e-04,-2.708955745799999942e-05
-4.478882633399999715e-05,1.452993849099999972e-04,-2.776719415499999996e-05
-4.333583248500000020e-05,1.451571366499999969e-04,-2.835611799900000004e-05
-4.188426111899999903e-05,1.449863202399999883e-04,-2.885883547599999840e-05
-4.043439791600000167e-05,1.447879347899999993e-04,-2.927787214300000163e-05
-3.898651856899999925e-05,1.445629546900000038e-04,-2.961577177600000123e-05
-3.754088902200000189e-05,1.443123294500000056e-04,-2.987509551600000073e-05
-3.609776572699999924e-05,1.440369833999999966e-04,-3.005842103899999983e-05
-3.465739589299999981e-05,1.437378155100000070e-04,-3.016834173100000035e-05
-3.322001773799999679e-05,1.434156991700000076e-04,-3.020746588499999901e-05
-3.178586074600000313e-05,1.430714819900000083e-04,-3.017841590000000111e-05
-3.035514592599999922e-05,1.427059856799999926e-04,-3.008382749699999912e-05
-2.892808606999999887e-05,1.423200057999999993e-04,-2.992634894799999935e-05
-2.750488601200000037e-05,1.419143116600000097e-04,-2.970864031300000048e-05
-2.608574289500000109e-05,1.414896461899999870e-04,-2.943337268899999962e-05
-2.467084643300000038e-05,1.410467257600000080e-04,-2.910322746900000158e-05
-2.326037917499999963e-05,1.405862401300000031e-04,-2.872089561100000087e-05
-2.185451677400000064e-05,1.401088522800000001e-04,-2.828907691800000110e-05
-2.045342825099999895e-05,1.396151983700000027e-04,-2.781047932499999939e-05
-1.905727626800000037e-05,1.391058876300000095e-04,-2.728781819600000107e-05
-1.766621739100000045e-05,1.385815023200000012e-04,-2.672381563000000000e-05
-1.628040236799999929e-05,1.380425976299999894e-04,-2.612119977300000149e-05
-1.489997639199999956e-05,1.374897016799999901e-04,-2.548270413900000070e-05
-1.352507937499999973e-05,1.369233154600000039e-04,-2.481106694000000112e-05
-1.215584622000000010e-05,1.363439128000000066e-04,-2.410903041900000024e-05
-1.079240709200000010e-05,1.357519403800000067e-04,-2.337934018800000044e-05
-9.434887688700000196e-06,1.351478177299999910e-04,-2.262474458299999834e-05
-8.083409511400000151e-06,1.345319372200000027e-04,-2.184799400800000100e-05
-6.738090139200000395e-06,1.339046640800000125e-04,-2.105184029499999993e-05
-5.399043498399999796e-06,1.332663364599999921e-04,-2.023903607100000147e-05
-4.066380133800000146e-06,1.326172654500000015e-04,-1.941233411499999981e-05
-2.740207479199999896e-06,1.319577351299999887e-04,-1.857448673700000112e-05
-1.420630127899999949e-06,1.312880026400000018e-04,-1.772824514299999906e-05
-1.077501014799999966e-07,1.306082982599999977e-04,-1.687635881800000022e-05
1.198332881199999917e-06,1.299188254800000004e-04,-1.602157489999999921e-05
2.497521135999999819e-06,1.292197611100000005e-04,-1.516663756200000029e-05
3.789718747100000112e-06,1.285112553500000049e-04,-1.431428739199999948e-05
5.074831300599999737e-06,1.277934319500000071e-04,-1.346726078200000004e-05
6.352765620099999639e-06,1.270663883199999952e-04,-1.262828930100000076e-05
0.000000000000000000e+00,0.000000000000000000e+00,0.000000000000000000e+00
